,group,name,member_attendance,member_repayment,business_type
0,79-669,Margaret Keller,0.997,1880.4,Print production planner
1,30-371,Heather Wright,0.913,233.04,Insurance broker
2,26-283,Sheri Taylor,0.94,792.96,"Scientist, product/process development"
3,26-581,Ruth Simmons,0.85,312.96,Dietitian
4,57-088,Tim Vincent,0.943,49.2,Broadcast presenter
5,61-387,Brian Evans,0.925,825.6,Clinical biochemist
6,18-725,Jessica Brown,0.82,49.44,Energy manager
7,59-056,Catherine Becker,0.946,2291.52,Medical technical officer
8,37-889,Lisa Barrett,0.929,2290.32,Firefighter
9,75-174,Corey Chang,0.805,1223.52,Operational investment banker
10,81-749,Carlos Rodriguez,0.84,1927.68,Secretary/administrator
11,96-198,Melissa Smith,0.993,2079.6,"Psychotherapist, child"
12,75-174,Valerie Frederick,0.872,737.52,Financial controller
13,10-628,Carolyn Ross,0.8,1341.6,Ergonomist
14,08-592,Christopher Abbott,0.871,1034.64,"Development worker, community"
15,40-846,Heidi Moyer,0.932,2239.44,Database administrator
16,16-030,Ashley Elliott,0.892,1404.96,International aid/development worker
17,85-787,Andrea Li,0.852,1396.8,Commercial/residential surveyor
18,38-133,Carol Cook,0.866,1284.0,"Administrator, sports"
19,15-624,Kristin Harvey,0.907,600.0,Theatre director
20,85-613,Stephanie Miller,0.801,982.8,Optometrist
21,67-140,Dorothy King,1.0,2314.08,Estate agent
22,70-869,Leslie Simmons,0.853,224.16,Advertising art director
23,42-289,Cynthia Olson,0.906,1818.24,Data processing manager
24,55-857,Brian Gibson,0.829,653.04,"Surveyor, building control"
25,53-198,Samantha Clark,0.867,769.44,"Investment banker, corporate"
26,79-050,Jade Owen,0.91,2302.32,Site engineer
27,31-096,Jessica Gates,0.846,1422.48,"Scientist, clinical (histocompatibility and immunogenetics)"
28,43-604,Benjamin Summers,0.883,624.0,Ambulance person
29,82-819,Lisa Carroll,0.871,2077.44,"Engineer, land"
30,62-983,Martin Morales,0.891,223.44,Diagnostic radiographer
31,41-354,Nicole Hansen,0.873,1424.4,Charity fundraiser
32,18-725,Christy Wood,0.847,2046.96,Quantity surveyor
33,84-070,Laura Oconnor,0.971,1800.96,Pension scheme manager
34,13-025,Jessica Nguyen,0.848,842.16,Advertising account executive
35,33-902,Wayne Delgado,0.94,1388.16,"Surveyor, mining"
36,97-048,Brandon Smith,0.854,990.0,Bonds trader
37,89-616,Jacqueline Chen,0.955,1216.08,"Administrator, charities/voluntary organisations"
38,51-893,Brian York,0.935,417.84,Structural engineer
39,95-590,Emily Baker,0.845,860.4,"Designer, interior/spatial"
40,40-969,Christy Kelly,0.835,466.56,Land
41,49-035,Zachary Castro,0.878,1117.2,"Education officer, museum"
42,30-490,Richard Cochran,0.913,2333.52,"Runner, broadcasting/film/video"
43,57-088,Sarah Little,0.842,2157.36,Chief Strategy Officer
44,24-581,Destiny Vasquez,0.966,2329.68,Educational psychologist
45,98-284,Chelsea Dunn,0.889,218.64,Diagnostic radiographer
46,18-423,Tina Robinson,0.829,2087.76,Leisure centre manager
47,16-088,Michael Lam,0.883,1041.84,Armed forces training and education officer
48,54-084,Amber Welch,0.969,67.92,Actor
49,79-303,Lori Martin,0.885,1565.52,"Radiographer, therapeutic"
50,69-199,Brittney Anderson,0.958,1827.6,Solicitor
51,74-291,Karen Schmidt,0.91,93.84,Chartered public finance accountant
52,69-331,Jennifer Rogers,0.801,1018.32,"Scientist, clinical (histocompatibility and immunogenetics)"
53,62-560,Brittany Gay,0.948,911.28,Clinical research associate
54,07-542,Suzanne Rose,0.963,2187.6,Jewellery designer
55,98-639,Beth Rodriguez,0.904,600.96,Associate Professor
56,31-914,Stephanie Carroll,0.931,451.44,Research scientist (medical)
57,20-157,Regina Snow,0.983,1790.4,Tax adviser
58,93-944,Michael Proctor,0.821,1155.84,"Education officer, community"
59,12-637,Thomas Harris,0.968,426.48,Clinical molecular geneticist
60,30-352,Cory Stevenson,0.961,711.36,Retail buyer
61,05-048,Jared Carroll,0.822,2130.48,Teaching laboratory technician
62,94-588,Edward Klein,0.983,408.0,Human resources officer
63,05-048,Danielle Gonzalez,0.877,139.2,Dramatherapist
64,39-585,Vanessa Payne,0.962,1141.44,Mechanical engineer
65,74-520,Robert Hogan,0.995,1913.52,Podiatrist
66,92-237,Michaela Kennedy,0.914,1492.08,Personnel officer
67,29-070,Amber Walker,0.917,916.56,Printmaker
68,30-406,Amanda Mccullough,0.972,2014.56,Land
69,64-172,Tiffany Thomas,0.864,1170.0,Radio producer
70,41-194,Steven Hawkins,0.965,923.76,Media planner
71,58-451,Susan Warren,0.809,525.84,Patent attorney
72,54-940,Sherry Wood,0.853,2058.96,Archaeologist
73,51-604,Julie Flores,0.807,1713.12,"Loss adjuster, chartered"
74,64-841,Kristina Grimes,0.834,146.4,"Accountant, chartered"
75,21-688,Vincent Andrews,0.91,1098.0,Exhibition designer
76,81-117,Mark Miles,0.888,318.0,Water engineer
77,30-457,Elizabeth Hester,0.896,1798.8,Land/geomatics surveyor
78,57-731,Brian Carr,0.8,1944.48,Medical technical officer
79,50-436,Autumn Watson,0.883,713.28,Personnel officer
80,10-628,Charlene Wallace,0.807,47.76,"Engineer, building services"
81,30-457,Elizabeth Perez,0.911,172.32,"Engineer, communications"
82,09-876,Taylor Pitts,0.899,1256.16,"Programmer, systems"
83,61-119,Cheryl Robles,0.829,2080.56,Midwife
84,85-550,Sarah Rivera,0.816,659.28,"Radiographer, therapeutic"
85,20-169,Cindy Carrillo,0.939,1940.88,"Administrator, local government"
86,75-365,Amber Bruce,0.835,1424.16,Archaeologist
87,04-033,Rachel Avila,0.896,29.28,Financial adviser
88,91-588,Marvin Price,0.994,687.12,Personal assistant
89,06-837,Kathleen Meyer,0.902,2267.76,"Journalist, newspaper"
90,93-574,Jennifer Wilson,0.979,1880.88,Medical secretary
91,76-192,Carol Lane,0.844,1732.56,"Civil engineer, contracting"
92,81-749,Maureen Nelson,0.967,892.32,Drilling engineer
93,91-655,Ann Bush,0.975,1153.68,"Nurse, children's"
94,59-326,Maria Garner,0.926,1705.68,Private music teacher
95,85-921,Amanda Taylor,0.92,645.36,"Lecturer, higher education"
96,54-084,Brandy Vasquez,0.995,1040.16,Barrister's clerk
97,80-821,Tracy Jones,0.875,2154.72,Building control surveyor
98,59-370,Lindsey Jones,0.947,2221.2,Legal executive
99,15-111,Jessica Espinoza,0.965,929.76,Data processing manager
100,83-489,Stephanie Michael,0.85,1427.28,Proofreader
101,94-842,Tina Sanchez,0.894,378.24,Artist
102,91-655,Brandi Smith,0.988,2100.72,Retail merchandiser
103,26-581,Brad Crosby,0.947,1831.92,Energy engineer
104,03-454,Melissa Hall,0.984,117.84,Public house manager
105,75-365,Crystal Sullivan,0.856,274.56,"Optician, dispensing"
106,70-235,Heather Torres,0.929,1542.72,Visual merchandiser
107,70-235,Mallory Garcia,0.933,1487.76,Clinical embryologist
108,07-962,Sara Long,0.925,1051.44,Senior tax professional/tax inspector
109,67-590,Michael Walker,0.877,1543.92,Personal assistant
110,18-557,Heather Johnson,0.974,153.36,Financial adviser
111,22-595,Timothy Mcmahon,0.894,2065.92,Medical technical officer
112,79-599,Olivia Lopez,0.912,341.04,Museum/gallery exhibitions officer
113,59-370,Jill Mullins,0.923,2045.76,TEFL teacher
114,67-590,Katherine Hamilton,0.835,1779.6,Public librarian
115,54-084,Jessica Hudson,0.995,1662.24,Medical technical officer
116,80-426,Nicholas Farrell,0.977,1590.72,Chartered public finance accountant
117,24-581,Nicole Smith,0.893,1978.08,Seismic interpreter
118,98-730,Gregory Ware,0.801,1580.16,"Conservator, furniture"
119,44-702,Veronica Chaney,0.844,1020.48,Musician
120,81-749,Beth Flores,0.983,2079.6,Local government officer
121,42-289,Heather Jones,0.893,1279.68,Data processing manager
122,06-642,Elizabeth Buchanan,0.831,1781.76,Claims inspector/assessor
123,70-990,Karen Smith,0.927,2387.76,Health promotion specialist
124,22-595,Jennifer Rodriguez,0.949,1281.12,Financial trader
125,42-415,Ronald Merritt,0.937,956.88,"Lighting technician, broadcasting/film/video"
126,43-604,Laura Roberts,0.809,1135.92,"Therapist, drama"
127,81-117,Amy Rodriguez,0.848,214.08,"Administrator, Civil Service"
128,77-153,Emily Smith,0.819,472.08,"Lecturer, higher education"
129,75-843,Charles Olsen,0.849,1418.64,Building services engineer
130,94-588,Tyler Ochoa,0.874,1243.44,"Surveyor, commercial/residential"
131,13-537,Laura Clay,0.852,1523.28,"Lecturer, further education"
132,21-642,Veronica Carter,0.935,867.84,"Scientist, research (life sciences)"
133,05-272,Susan Young,0.86,2236.32,Health promotion specialist
134,33-693,Jody Gonzalez,0.992,2145.12,Hydrographic surveyor
135,30-371,Lisa Walker,0.892,65.04,Ceramics designer
136,62-983,John Gates,0.883,1474.56,"Editor, film/video"
137,95-718,Jamie Brooks,0.861,2181.6,"Psychotherapist, child"
138,07-414,Aaron Walter,0.913,1684.32,Leisure centre manager
139,06-920,Cindy Wheeler,0.887,57.84,"Designer, television/film set"
140,34-818,Anna Reed,0.928,206.88,Personal assistant
141,53-004,Erika Hatfield,0.887,2210.16,Exercise physiologist
142,28-902,Samantha Nelson,0.846,604.08,"Engineer, maintenance (IT)"
143,62-636,Michelle Norman,0.95,2231.52,Podiatrist
144,30-371,Nicole Alvarado,0.928,1324.32,Outdoor activities/education manager
145,49-035,Lisa Smith,0.802,845.76,Barista
146,10-334,Wendy Robinson,0.946,840.0,Health physicist
147,05-272,Wendy Chaney,0.861,1429.44,Product designer
148,40-727,Kimberly Peterson,0.879,878.4,Multimedia programmer
149,59-100,Jason Gray,0.911,2092.56,"Pharmacist, hospital"
150,96-227,Janet Brown,0.999,2275.2,"Embryologist, clinical"
151,80-804,Deanna Scott,0.809,601.92,"Therapist, art"
152,50-091,Alison Reyes,0.912,1300.8,"Engineer, automotive"
153,40-453,Rachel Melendez,0.965,1525.68,Geochemist
154,91-933,Julian Zamora,0.826,1967.28,Chief Financial Officer
155,59-467,Renee Pineda,0.965,1421.28,Diagnostic radiographer
156,59-130,Trevor Daniels,0.888,9.84,Broadcast presenter
157,54-084,Nicole Jackson,0.987,2172.0,"Journalist, broadcasting"
158,95-590,Brandon Nichols,0.897,1497.12,Advertising art director
159,34-169,Victoria Ford,0.951,1632.24,Automotive engineer
160,30-944,Christina Huff,0.958,1576.08,"Nurse, mental health"
161,24-034,Paul Wilson,0.899,862.8,Mining engineer
162,22-595,Destiny Jones,0.887,552.72,Theatre manager
163,66-695,John Roberts,0.922,1980.24,"Administrator, local government"
164,33-004,Christopher Franklin,0.938,1266.24,"Embryologist, clinical"
165,33-157,Larry Morales,0.878,1101.12,"Psychologist, sport and exercise"
166,67-590,Cheryl Johnson,0.841,1138.08,Academic librarian
167,60-265,Lisa Rodgers,0.88,863.52,Hotel manager
168,03-512,Frederick Huff,0.932,1023.12,"Engineer, energy"
169,80-167,Amy Miller,0.973,1450.32,Ambulance person
170,80-426,Crystal Dean,0.858,1686.72,"Teacher, adult education"
171,51-604,Katherine Livingston,0.832,954.96,Barista
172,95-590,Nicole Mack,0.925,1660.32,Management consultant
173,30-490,Larry Elliott,0.803,351.12,"Solicitor, Scotland"
174,80-167,Tiffany Smith,0.938,2175.12,Charity officer
175,84-495,Laurie Chavez,0.961,2393.52,Mental health nurse
176,58-240,Kimberly Mcgrath,0.968,2226.96,Medical physicist
177,31-861,Jacqueline Lopez,0.911,1497.36,Quarry manager
178,33-157,Crystal Valenzuela,0.897,470.88,Merchant navy officer
179,72-800,Kimberly Pierce,0.836,1887.12,Exhibition designer
180,44-274,Joyce Grant,0.895,1058.16,Hotel manager
181,67-606,Brittany Hughes,0.8,689.28,"Scientist, marine"
182,54-235,Nicole Hudson,0.832,574.32,Geographical information systems officer
183,53-004,Miranda Colon,0.882,2046.96,Estate agent
184,42-774,Stephen Tate,0.82,1827.6,"Surveyor, rural practice"
185,67-357,Hunter Mendoza,0.802,2293.44,Chartered public finance accountant
186,38-215,Tonya Willis,0.873,1242.96,Energy manager
187,44-831,Katelyn Gilbert,0.844,227.52,"Geneticist, molecular"
188,57-012,Hannah Mckenzie,0.867,1112.88,Administrator
189,74-142,Brittany Thompson,0.896,1194.96,Conference centre manager
190,73-770,Allison Vega,0.983,1671.84,Licensed conveyancer
191,34-818,Crystal Holmes,0.818,1747.44,Insurance underwriter
192,91-933,Ashley Craig,0.846,1190.16,Soil scientist
193,61-387,Jessica Miller,0.81,1642.8,Contracting civil engineer
194,50-038,Crystal Sanford,0.992,2151.36,Equality and diversity officer
195,29-070,Thomas Thompson,0.878,1601.52,"Therapist, art"
196,47-469,Samantha Williams,0.861,2231.28,Animal nutritionist
197,57-753,Laurie Johnson,0.917,2393.04,"Designer, industrial/product"
198,59-609,Emily Kelly,0.922,451.68,Exhibition designer
199,13-025,Ana Kim,0.897,579.6,Health visitor
200,78-777,Douglas Diaz,0.949,1358.88,Mudlogger
201,40-846,Catherine Terry,0.969,1676.64,Interior and spatial designer
202,57-731,Denise Watts,0.959,1572.0,Outdoor activities/education manager
203,19-490,Katie Burnett,0.826,2377.92,Materials engineer
204,59-400,Karen Mitchell,0.811,930.96,Medical laboratory scientific officer
205,42-386,Doris Hunt,0.989,2351.28,Web designer
206,24-244,Justin Fuentes,0.874,2346.72,"Chemist, analytical"
207,22-318,Jeffrey Pruitt,0.896,690.72,Plant breeder/geneticist
208,31-950,Kirsten Hancock,0.904,2254.56,IT technical support officer
209,06-008,Russell Sanchez,0.803,949.44,Advice worker
210,73-770,Laura Smith,0.846,96.72,Sports therapist
211,45-243,Nicolas Savage,0.919,996.72,Advice worker
212,85-550,Christine White,0.847,309.84,Armed forces logistics/support/administrative officer
213,57-012,Donna Mahoney,0.921,1844.88,Museum/gallery exhibitions officer
214,54-084,Wendy Jones,0.994,409.92,Rural practice surveyor
215,04-033,Richard Berry,0.984,1154.16,"Scientist, physiological"
216,93-347,Kristi Young,0.892,1575.12,Technical sales engineer
217,34-169,Russell Chung,0.842,1176.0,Public relations account executive
218,67-140,Manuel Klein,0.829,287.28,Chief Strategy Officer
219,49-675,Timothy Watts,0.931,744.72,Dealer
220,63-515,Jeffrey Livingston,0.969,573.36,"Buyer, retail"
221,99-440,Cynthia Hubbard,0.832,201.12,Food technologist
222,98-258,Janet Brown,0.867,297.6,"Accountant, chartered certified"
223,81-117,Debbie Barnes,0.924,475.44,"Nurse, mental health"
224,06-191,Jessica Smith,0.972,1343.52,Naval architect
225,23-267,Karen Wiggins,0.92,1645.44,"Psychologist, forensic"
226,59-130,Sarah Holt,0.814,1596.96,"Accountant, chartered public finance"
227,05-313,Catherine Johnson,0.894,107.76,Economist
228,26-283,Jennifer Kelley,0.915,1616.16,"Scientist, forensic"
229,07-414,Laura Cortez,0.993,1412.16,"Scientist, research (medical)"
230,20-388,Jessica Waller,0.924,1026.0,Armed forces logistics/support/administrative officer
231,79-050,Michelle Brooks,0.993,1844.64,Multimedia specialist
232,42-289,Scott Velez,0.901,1389.12,Statistician
233,01-167,John Pratt,0.889,804.24,Chiropractor
234,33-902,Alexandria Rogers,0.988,875.52,Professor Emeritus
235,69-199,Theresa Warren,0.862,1152.24,"Designer, exhibition/display"
236,06-920,Mary Morrow,0.967,522.48,Hydrographic surveyor
237,96-227,Robin Lowe,0.963,1678.8,"Surveyor, building"
238,93-574,Logan Peterson,0.859,583.92,"Development worker, international aid"
239,61-405,Wendy Walters,0.836,725.04,"Conservator, furniture"
240,44-510,Jennifer Rodriguez,0.99,1678.56,Magazine features editor
241,03-846,Steven West,0.888,771.12,Applications developer
242,51-893,Bonnie Brady,0.956,1470.24,"Scientist, product/process development"
243,97-228,Amy Dorsey,0.884,1180.8,Manufacturing engineer
244,78-777,Haley Gomez,0.97,1614.72,Museum/gallery curator
245,38-067,Melissa Bradford,0.846,1360.32,Gaffer
246,42-774,Micheal Craig,0.822,1749.84,Sports coach
247,74-291,Mary Bennett,0.8,1596.72,Prison officer
248,38-215,Bradley Reeves,0.937,1673.76,Theatre director
249,24-581,Kari Bennett,0.875,1396.08,Industrial buyer
250,66-833,Craig Rodriguez,0.932,2221.44,Astronomer
251,07-962,Sandra Hart,0.914,2382.72,Best boy
252,63-515,Abigail Hill,0.866,647.52,"Pharmacist, hospital"
253,75-268,Kimberly Duran,0.82,148.56,Amenity horticulturist
254,82-819,Robin Wang,0.976,1473.36,Consulting civil engineer
255,29-070,William Daniels,0.907,1490.4,Careers information officer
256,10-628,Michael Jones,0.963,498.72,Health physicist
257,59-326,Hannah Hansen,0.839,882.24,Glass blower/designer
258,05-123,Sean Gay,0.859,2336.88,"Engineer, technical sales"
259,83-303,Bonnie Garza,0.95,721.44,Tourism officer
260,73-973,Natalie Brown,0.912,135.36,Tree surgeon
261,91-933,Jeanne Blair,0.983,47.52,Herpetologist
262,73-429,Brenda Brown,0.869,212.88,Applications developer
263,98-284,Amber Thompson,0.993,1180.8,Health and safety adviser
264,59-056,Brittany Ward,0.885,1536.96,Manufacturing engineer
265,53-004,Anthony Mckay,0.909,659.28,"Education officer, community"
266,07-414,Danielle Morris,0.971,471.84,Trading standards officer
267,95-718,Holly Gonzales,0.908,2117.76,"Radiographer, therapeutic"
268,29-942,Chloe Murphy,0.992,1634.64,"Geologist, engineering"
269,42-289,Michele Brown,0.867,1269.84,Diagnostic radiographer
270,40-969,Dawn Hamilton,0.996,2240.4,Community arts worker
271,78-149,Jennifer Davis,0.905,1219.44,Jewellery designer
272,54-940,Kimberly Jones,0.815,1771.68,Community education officer
273,60-598,Emily Collins,0.816,1589.28,Horticultural therapist
274,01-167,Martha Carson,0.923,58.8,Dealer
275,85-613,Susan Rodriguez,0.923,254.4,Economist
276,59-400,Bruce Fletcher,0.857,1967.76,Nutritional therapist
277,51-604,Wendy Hunt,0.826,229.92,Community development worker
278,31-096,Ashley Miller,0.845,1410.96,"Engineer, site"
279,48-511,Sarah Jacobs,0.828,1831.68,Games developer
280,06-920,Christina Duncan,0.953,763.2,"Scientist, physiological"
281,21-688,Jennifer Gentry,0.956,1734.72,"Surveyor, planning and development"
282,69-609,Lisa Martinez,0.97,412.08,Systems developer
283,77-153,Teresa Gonzalez,0.994,1483.44,Hospital pharmacist
284,05-272,Olivia Crane,0.844,1802.64,Hydrologist
285,03-846,Kristy Gilmore,0.852,436.8,Chief of Staff
286,88-780,Joy Castillo,0.842,293.76,"Horticulturist, commercial"
287,47-389,Lisa Benjamin,0.978,1756.8,Speech and language therapist
288,15-106,Kathleen Mccall,0.963,1118.4,Theatre manager
289,16-030,Brittany Kelley,0.994,2275.44,Garment/textile technologist
290,54-940,Mary Hernandez,0.854,865.44,Teaching laboratory technician
291,52-637,Crystal Turner,0.863,206.64,Fisheries officer
292,03-846,Christopher Brown,0.826,790.32,Geochemist
293,32-445,Toni Bradshaw,0.854,841.68,Hotel manager
294,59-130,Shane Jennings,0.954,970.08,Clinical psychologist
295,62-983,Amanda Carter,0.971,1695.84,Arboriculturist
296,74-291,Luis Sanders,0.913,1290.72,"Conservator, furniture"
297,71-497,Philip Kelley,0.953,352.8,Technical brewer
298,20-388,Linda Johnson,0.846,1471.68,Volunteer coordinator
299,80-821,Jessica Sanders,0.873,1637.52,"Nurse, adult"
300,59-326,Shannon Adams,0.93,1898.64,Warehouse manager
301,83-200,Lindsay Gaines,0.917,668.64,Senior tax professional/tax inspector
302,05-272,Christina Riggs,0.916,888.96,"Education officer, community"
303,75-365,Dylan Love,0.998,1540.56,"Engineer, electrical"
304,67-140,Sandra Hall,0.994,1978.08,"Lecturer, further education"
305,32-054,Samantha Terry,0.972,225.12,Data processing manager
306,44-659,Andrea Hamilton,0.993,41.76,Health visitor
307,39-166,Pamela Manning,0.895,1532.4,Commissioning editor
308,73-429,Brenda Lee,0.971,232.8,Chartered certified accountant
309,57-088,Sheila Johnson,0.991,1894.32,Statistician
310,04-248,Nichole Bowers,0.989,757.92,"Engineer, building services"
311,30-371,Colleen Foster,0.913,1683.36,Training and development officer
312,24-244,Diana Hoover,0.827,2382.96,Acupuncturist
313,16-656,Cynthia Tate,0.875,461.28,Biomedical engineer
314,64-841,Brittany Turner,0.959,700.08,Associate Professor
315,58-896,Benjamin Jackson,0.848,701.76,Special educational needs teacher
316,12-904,Rebecca Ramos,0.804,1976.4,Corporate investment banker
317,34-818,Jeanette Taylor,0.876,798.72,Dietitian
318,35-545,Jennifer Lopez,0.863,965.28,Financial trader
319,67-353,Amanda Hayes,0.812,1433.28,Geophysical data processor
320,01-167,Allison Robinson,0.977,1229.76,Public relations officer
321,33-004,Mark Robinson,0.935,1730.16,"Designer, blown glass/stained glass"
322,90-528,Darlene Lopez,0.839,181.92,"Psychologist, clinical"
323,42-415,Heather Shaw,0.954,116.4,Audiological scientist
324,88-780,Parker Skinner,0.889,2197.92,Ceramics designer
325,97-048,Peggy Lopez,0.829,333.6,Learning mentor
326,62-560,Robin Scott,0.929,2013.36,"Scientist, water quality"
327,26-283,Angela Carr,0.991,542.16,Education administrator
328,17-123,Kimberly Porter,0.855,732.48,Medical physicist
329,21-569,Kim Phillips,0.95,2180.64,Outdoor activities/education manager
330,52-637,Amanda Jacobson,0.873,856.56,Television production assistant
331,43-419,Sara King,0.943,1355.28,Catering manager
332,94-607,Denise Farmer,0.929,455.52,TEFL teacher
333,07-542,Amanda Barrera,0.918,1296.96,Adult nurse
334,13-537,Courtney Figueroa,0.952,444.96,Contractor
335,18-557,Lisa Ray,0.929,217.68,Retail manager
336,30-944,Anna Crawford,1.0,625.92,Environmental manager
337,43-419,Ashley Mullen,0.985,182.16,Surgeon
338,21-569,Robert Richard,0.954,222.48,Clinical psychologist
339,09-041,Megan Peters,0.803,1428.24,"Scientist, biomedical"
340,70-990,Faith Blake,0.995,2007.6,Speech and language therapist
341,66-833,Brian Mosley,0.813,2342.16,Make
342,92-237,Tara Chen,0.853,852.72,Soil scientist
343,09-475,Laurie Mcdonald,0.931,270.0,Television production assistant
344,21-688,Penny Myers,0.866,1195.44,"Geologist, engineering"
345,74-520,Monique Woods,0.98,255.6,Maintenance engineer
346,58-308,Cheryl Lewis,0.996,2094.48,Corporate investment banker
347,12-637,Brittany Whitehead,0.843,591.12,"Production designer, theatre/television/film"
348,84-070,Erin Moore,0.951,92.16,General practice doctor
349,35-545,Courtney Johnson,0.967,1346.88,Adult nurse
350,45-726,Ryan Martin,0.827,1488.48,"Nurse, learning disability"
351,62-983,Jennifer Wilson,0.856,2073.36,Chemical engineer
352,75-843,Janet Martin,0.912,1887.84,Financial controller
353,49-035,Daniel Lowery,0.94,2181.84,Chemical engineer
354,06-191,Chelsea Wade,0.912,2062.08,Neurosurgeon
355,73-770,Tamara Oconnor,0.877,1917.84,Cabin crew
356,85-550,Judy Johnson,0.893,1800.72,"Surveyor, mining"
357,99-440,Shirley Underwood,0.832,2029.68,"Engineer, chemical"
358,84-070,Chad Carter,0.888,1709.28,Magazine journalist
359,79-599,Mary Villa,0.834,720.0,"Optician, dispensing"
360,53-145,Gerald Mills,0.835,1588.56,Financial adviser
361,62-983,Michael Martinez,0.895,346.32,Immunologist
362,59-100,Kelly Cooper,0.919,1928.64,Equities trader
363,32-054,Nathaniel Johnson,0.878,1752.0,Diagnostic radiographer
364,15-108,Sara Hamilton,0.991,1904.64,"Exhibitions officer, museum/gallery"
365,57-857,Jennifer Murphy,0.967,1958.88,Dance movement psychotherapist
366,81-117,Nicole Thompson,0.933,2.88,Youth worker
367,51-604,Tammy Martin,0.907,975.36,"Scientist, research (life sciences)"
368,24-244,Marisa Taylor,0.863,545.04,Marketing executive
369,10-628,Melinda Walker,0.903,1171.92,Travel agency manager
370,75-268,Mario Suarez,0.982,1018.56,Production manager
371,94-588,Jessica Murray,0.992,628.08,Animal technologist
372,89-641,Ricky Ferguson,0.822,2387.76,Photographer
373,42-415,Debra Sanders,0.973,1691.76,Child psychotherapist
374,62-560,Sandra Butler,0.914,1127.28,Clinical molecular geneticist
375,96-198,Gail Stone,0.862,1592.88,Veterinary surgeon
376,70-869,Ariana Lopez,0.813,750.0,Exercise physiologist
377,43-419,Barbara Parker,0.808,1922.64,Contractor
378,93-791,Jennifer Mcdonald,0.866,1019.28,Interpreter
379,41-194,Lauren Murray,0.801,1649.04,Surgeon
380,30-944,Ashley Gibbs,0.816,1225.2,Psychiatrist
381,97-048,Erin Chase,0.811,800.4,Educational psychologist
382,06-642,Tracy Schwartz,0.836,11.04,Make
383,58-451,Kayla Moore,0.904,2147.04,"Designer, multimedia"
384,23-267,Cynthia Walker,0.954,1314.0,Interior and spatial designer
385,09-876,Lauren Francis,0.923,1829.28,"Programmer, applications"
386,95-590,Barbara Young,0.885,1565.28,Customer service manager
387,11-185,Michael Rogers,0.847,1316.64,Contracting civil engineer
388,17-123,Nicole Williams,0.977,1616.64,"Psychologist, educational"
389,74-142,Christian Hall,0.828,1068.24,Lobbyist
390,34-169,Stacey King,0.861,1414.32,Public house manager
391,78-571,Michael Alvarez,0.888,125.04,Civil Service fast streamer
392,44-831,Jennifer Dyer,0.814,1869.84,Personnel officer
393,21-884,Cynthia Stewart,0.926,379.2,Waste management officer
394,94-607,John Wilson,0.839,1051.2,Estate agent
395,85-787,Brad Diaz,0.947,524.64,Music tutor
396,99-440,Kayla Holland,0.825,1728.24,"Buyer, retail"
397,50-436,Micheal Newman,0.846,163.92,Set designer
398,39-166,Bridget Jackson,0.94,1524.24,Retail manager
399,05-123,Sara Glover,0.909,2055.36,Cytogeneticist
400,98-639,Monica Pena,0.854,1717.2,Magazine journalist
401,40-453,Jennifer Taylor,0.991,1797.84,Civil Service administrator
402,78-149,Michael Thompson,0.975,2021.04,Product/process development scientist
403,31-096,Elizabeth Eaton,0.919,375.36,Patent attorney
404,59-370,Jennifer Hinton,0.811,1378.08,Public relations account executive
405,50-091,Kenneth Reynolds,0.933,1079.04,Systems developer
406,51-936,Desiree Miller,0.872,286.32,Insurance claims handler
407,47-598,John Serrano,0.862,2178.72,Publishing rights manager
408,79-599,Amy Miller,0.872,1747.92,Community education officer
409,95-590,Pamela Morris,0.985,800.4,Special effects artist
410,17-123,Chris Orozco,0.992,68.88,"Education officer, community"
411,75-268,James Morris,0.801,1164.0,Professor Emeritus
412,33-004,Misty Scott,0.974,2387.04,Warden/ranger
413,75-843,Jennifer Greene,0.971,2159.52,"Clinical scientist, histocompatibility and immunogenetics"
414,50-328,Jennifer White,0.987,1508.4,Fine artist
415,83-200,Alicia Dean,0.852,2137.68,"Designer, jewellery"
416,49-510,Kelli Turner,0.854,2342.64,"Therapist, music"
417,58-240,Jennifer Mccall,0.98,1968.24,Exhibition designer
418,16-030,Jennifer Cook,0.897,575.52,English as a foreign language teacher
419,21-884,Krystal Pope,0.977,1745.04,"Geologist, engineering"
420,14-734,Susan Acosta,0.822,1956.72,Technical brewer
421,54-940,Patricia Waller,0.881,349.44,Solicitor
422,49-035,William Hudson,0.962,1638.0,"Engineer, maintenance"
423,47-016,Penny Phillips,0.904,1794.24,Dietitian
424,37-889,Rhonda Gomez,0.933,2315.28,Corporate investment banker
425,05-980,John Campbell,0.97,2088.72,Civil Service administrator
426,38-133,Peter Miller,0.937,2046.72,"Psychologist, educational"
427,40-727,Teresa Young,0.97,931.68,"Clinical scientist, histocompatibility and immunogenetics"
428,94-842,Victoria Gutierrez,0.871,473.04,Actuary
429,38-133,Kelly Wilson,0.857,1776.72,Further education lecturer
430,03-193,Hannah Cooper,0.901,2383.68,Structural engineer
431,19-490,Amanda Smith,0.953,8.64,Chartered legal executive (England and Wales)
432,45-726,Maria Hansen,0.992,1100.88,Veterinary surgeon
433,57-493,Jeff Hood,0.88,993.36,Pension scheme manager
434,56-440,Eric Mcbride,0.933,2003.28,Industrial buyer
435,28-902,Rachel Mcdonald,0.924,554.64,Paediatric nurse
436,49-035,Dana Bond,0.839,442.32,"Administrator, charities/voluntary organisations"
437,12-546,Angela Duran,0.895,1787.28,Corporate treasurer
438,66-833,Carol Humphrey,0.921,2316.24,Charity officer
439,15-876,Cassandra Williams,0.947,1599.6,Energy manager
440,87-734,Theresa Edwards,0.874,2185.44,Corporate treasurer
441,05-313,Curtis Fernandez,0.818,2158.08,"Administrator, arts"
442,44-659,Rachel Tran,0.832,609.12,Geographical information systems officer
443,40-969,Gwendolyn Wilson,0.864,1685.04,"Clinical scientist, histocompatibility and immunogenetics"
444,33-004,Danielle Morris,0.846,1952.64,Advertising copywriter
445,33-004,John Butler,0.838,1817.52,Water engineer
446,51-936,Andre Gomez,0.829,1384.08,Data scientist
447,70-869,Vickie Clark,0.887,635.52,Drilling engineer
448,47-016,Brandy Reid,0.866,1598.88,Counsellor
449,53-145,Tracy Wheeler,0.806,2117.04,Government social research officer
450,33-157,David Burton,0.825,777.12,"Conservator, furniture"
451,03-708,Lisa Scott,0.897,2316.24,Glass blower/designer
452,50-038,Mark Estrada,0.827,1030.8,Animal technologist
453,61-027,Heidi Olson,0.939,1919.52,Radio producer
454,96-227,Brandon Turner,0.955,650.4,Arts administrator
455,94-588,Elizabeth Murray,0.973,1545.12,Exhibition designer
456,78-571,Christopher Howard,0.802,380.16,Actuary
457,04-033,Blake Brooks,0.956,622.08,"Scientist, water quality"
458,03-454,Diane Perkins,0.888,1659.84,"Geologist, wellsite"
459,95-718,Kathryn Webster,0.806,656.4,"Lecturer, further education"
460,06-837,Dustin Yates,0.94,2252.4,Forensic psychologist
461,24-414,Brianna Dougherty,0.886,138.0,Structural engineer
462,63-515,Angela Mendez,0.888,2317.2,Politician's assistant
463,60-265,Andrew Ramirez,0.813,1111.2,Meteorologist
464,97-228,Shannon Bradford,0.901,1933.92,Call centre manager
465,49-035,Lindsey Johnson,0.807,2156.64,Chief Strategy Officer
466,17-123,Dwayne Young,0.873,395.28,Air broker
467,40-453,Erin Mahoney,0.842,2097.36,"Accountant, chartered"
468,19-490,Deborah Ramos,0.932,977.76,Arts development officer
469,67-590,Holly Figueroa,0.826,2298.72,Colour technologist
470,57-753,Sheri Smith,0.94,12.0,Financial planner
471,73-429,Jacob Odom,0.99,316.8,"Scientist, physiological"
472,05-980,Sarah Phillips,0.836,309.36,Advertising art director
473,95-590,Abigail Jackson,0.828,959.04,"Designer, ceramics/pottery"
474,78-571,Tammy Woods,0.931,1043.52,"Engineer, electronics"
475,49-035,Jason Parker,0.864,2165.04,"Accountant, chartered"
476,15-106,Tracy Peters,0.968,2304.0,Farm manager
477,47-469,Amy Hampton,0.877,1079.76,Herpetologist
478,42-409,Sharon Johnson,0.924,722.64,"Therapist, art"
479,31-861,Lisa Jones,0.869,1234.8,Government social research officer
480,16-773,Traci Blackburn,0.841,1858.08,Statistician
481,42-289,Kimberly Velasquez,0.851,2038.32,Music therapist
482,84-495,Sheri Glenn,0.823,692.64,"Scientist, research (medical)"
483,70-990,David Wong,0.908,2305.68,Television camera operator
484,06-642,Melinda Sosa,0.836,918.24,Hotel manager
485,86-493,Sara Schmitt,0.839,1104.0,"Psychologist, forensic"
486,42-415,Ann Smith,0.999,2245.92,"Therapist, nutritional"
487,69-331,Kristen Elliott,0.823,1061.04,Aeronautical engineer
488,32-054,Lisa Welch,0.992,1191.6,Pathologist
489,59-130,Kyle Sanders,0.878,217.68,Training and development officer
490,47-469,Alexis Pace,0.958,2388.96,Automotive engineer
491,63-159,Danielle Franklin,0.909,1992.0,Volunteer coordinator
492,75-365,Sydney Jefferson,0.876,1595.76,Textile designer
493,20-169,Diana Mejia,0.804,794.88,Politician's assistant
494,37-889,Karen Hester,0.945,2170.8,"Surveyor, mining"
495,73-973,John Phillips,0.876,2038.56,Industrial/product designer
496,42-409,Mary Evans,0.843,2297.76,Event organiser
497,79-599,Carla Perez,0.921,1473.84,Futures trader
498,79-599,Kimberly Clements,0.864,369.6,Professor Emeritus
499,73-429,Travis Mejia,0.924,2008.56,Arts development officer
500,89-962,Cassandra Thompson,0.903,1505.52,Gaffer
501,23-267,Carlos Mendoza,0.894,2306.88,"Engineer, land"
502,20-388,Erica Jones,0.99,1985.28,Clinical molecular geneticist
503,95-426,Michelle Parker,0.806,661.92,Fashion designer
504,50-884,Caleb Olson,0.901,1476.48,Seismic interpreter
505,96-068,Corey Mitchell,0.979,2153.28,Administrator
506,49-510,Melinda Boone,0.855,305.28,"Designer, television/film set"
507,22-595,Christopher Khan,0.947,2290.8,Magazine features editor
508,57-753,Kimberly Evans,0.875,179.28,Retail buyer
509,85-613,Tonya Pitts,0.852,1852.56,Academic librarian
510,85-613,Julia Ramirez,0.862,160.8,Theatre manager
511,98-730,Brittany Mccoy,0.831,2156.4,"Civil engineer, contracting"
512,79-669,Christina Jackson,0.947,1252.32,Illustrator
513,16-773,Tracey Ortiz,0.959,2293.92,Maintenance engineer
514,94-588,Tabitha Burton,0.912,1963.68,"Engineer, manufacturing systems"
515,58-240,John Beasley,0.815,886.32,Air cabin crew
516,43-604,April Gonzalez,0.864,438.0,Visual merchandiser
517,59-467,Tina Dixon,0.8,1106.88,Speech and language therapist
518,85-787,Stephanie Soto,0.801,99.6,Illustrator
519,40-846,Casey Hunter,0.814,309.12,Mental health nurse
520,93-525,Regina Patterson,0.911,1006.8,"Social research officer, government"
521,82-819,Thomas Marquez,0.808,1807.68,Community development worker
522,63-924,Wesley Coleman,0.927,1055.52,Broadcast journalist
523,83-200,Juan Huang,0.825,2297.52,Operational researcher
524,02-760,Melissa Morse,0.941,326.64,Heritage manager
525,73-973,Alexander Scott,0.903,240.48,"Surveyor, hydrographic"
526,89-246,Patricia Williams,0.958,88.08,Facilities manager
527,39-585,Rachel Clayton,0.902,1060.56,Midwife
528,58-240,Crystal Torres,0.88,1564.8,Further education lecturer
529,06-837,Joan Brown,0.854,326.88,"Surveyor, hydrographic"
530,71-077,Sarah Costa,0.847,969.36,Microbiologist
531,03-846,Julie Cline,0.852,1062.48,Patent examiner
532,37-889,Christopher Friedman,0.984,1368.0,Sales executive
533,31-914,Jessica Smith,0.987,638.64,Special educational needs teacher
534,53-309,Emily Jensen,0.958,775.2,Advertising copywriter
535,10-628,April Adams,0.889,1744.56,"Engineer, broadcasting (operations)"
536,67-353,Sarah Pierce,0.913,803.04,"Pharmacist, hospital"
537,24-581,Danielle Rodriguez,0.881,742.56,Environmental consultant
538,13-477,John Jordan,0.859,873.36,Computer games developer
539,93-525,Natalie Fisher,1.0,2108.88,Information officer
540,16-088,Kimberly Charles,0.91,342.72,Chief Operating Officer
541,41-354,Phillip Washington,0.855,415.44,Risk analyst
542,03-708,Jessica Pena,0.967,1369.92,Building control surveyor
543,51-604,Ellen Smith,0.973,1818.96,Editorial assistant
544,12-546,Sonya Farmer,0.814,1027.68,"Journalist, magazine"
545,90-927,Adrienne Thompson,0.893,1222.08,"Engineer, technical sales"
546,10-628,Paul Wright,0.956,1701.36,Systems developer
547,24-244,Tammy Howe,0.808,935.04,Make
548,03-454,Patricia Taylor,0.958,857.76,Charity officer
549,51-936,Emily Nguyen,0.826,955.2,"Teacher, secondary school"
550,96-922,Rachel Conner,0.892,1958.64,Osteopath
551,89-616,Rachel Fields,0.955,2278.08,Homeopath
552,93-944,Nicole Flores,0.914,2338.32,"Producer, television/film/video"
553,26-581,Sarah Hicks,0.806,1632.0,Fast food restaurant manager
554,61-387,Sandra Curtis,0.889,2212.32,Technical sales engineer
555,09-041,Heather Alexander,0.881,34.8,Operations geologist
556,83-489,Craig Padilla,0.953,1046.4,"Engineer, building services"
557,89-641,Jennifer Daniels,0.856,1084.32,Dramatherapist
558,45-726,Amy Thomas,0.929,854.16,"Solicitor, Scotland"
559,80-167,Courtney Anderson,0.821,386.16,Gaffer
560,24-230,Jeffrey Lee,0.812,2064.96,"Surveyor, insurance"
561,37-889,Denise Woods,0.846,1679.52,"Teacher, early years/pre"
562,12-637,Eric Harris,0.851,1890.96,Professor Emeritus
563,94-607,Rebecca Fox,0.966,259.68,"Doctor, general practice"
564,83-200,David Chung,0.898,2392.8,Magazine journalist
565,81-749,Denise Jordan,0.844,298.56,Airline pilot
566,37-889,Cynthia Acosta,0.964,501.36,Mechanical engineer
567,75-170,Tina Foster,0.931,706.08,Exhibition designer
568,96-227,Michelle Wilkins,0.971,432.0,"Designer, fashion/clothing"
569,47-469,Melissa Stewart,0.972,23.28,Museum/gallery curator
570,80-821,Lisa Richards,0.87,648.24,Dance movement psychotherapist
571,59-100,Kelly Lawrence,0.806,1761.12,"Surveyor, building"
572,64-593,Jennifer Mcgee,0.839,1015.68,Local government officer
573,43-123,Kimberly Sanchez,0.907,2229.12,Oncologist
574,95-426,Cathy Edwards,0.906,159.36,Glass blower/designer
575,06-191,Chelsea Stephenson,0.894,988.8,Minerals surveyor
576,83-200,Mary King,0.889,323.04,Medical laboratory scientific officer
577,83-489,Melissa Ryan,0.863,2343.84,Clinical embryologist
578,50-884,Lindsay Pham,0.831,1275.6,Pharmacologist
579,94-588,Rachel Hurst,0.959,1632.96,Industrial/product designer
580,91-588,Daniel Ortiz,0.957,596.88,"Engineer, control and instrumentation"
581,67-140,Raymond Rodriguez,0.881,348.48,"Therapist, occupational"
582,86-493,Shaun Holloway,0.831,1183.92,"Education officer, community"
583,74-635,Julia Massey,0.906,335.52,"Librarian, public"
584,51-893,Dakota Sanders,0.836,103.92,Cabin crew
585,06-191,Brittany Cunningham,0.972,2380.08,Community education officer
586,20-157,Jerry Weeks,0.924,899.52,"Scientist, physiological"
587,19-490,Cheryl Smith,0.854,323.52,"Pharmacist, community"
588,57-857,Courtney Montoya,0.987,1244.4,Sports administrator
589,74-142,Joanna Smith,0.985,597.84,Operational investment banker
590,37-889,Dawn Thompson,0.886,1545.36,Special effects artist
591,07-962,Kimberly Cortez,0.969,744.72,"Programmer, systems"
592,74-520,Christine Myers,0.834,1376.88,Electrical engineer
593,31-950,Jean Stewart,0.927,2010.72,Editorial assistant
594,90-528,Alyssa Cabrera,0.854,1356.96,Diplomatic Services operational officer
595,15-803,Johnny Andrews,0.877,1527.36,Financial planner
596,06-191,Deborah Davis,0.99,1425.12,Brewing technologist
597,61-180,Laurie Baker,0.935,1511.52,Museum/gallery conservator
598,38-067,Dustin Castillo,0.97,614.64,Town planner
599,76-192,Wendy Mann,0.97,2197.44,Dance movement psychotherapist
600,79-599,David Kirby,0.827,1650.24,"Doctor, hospital"
601,67-590,Lorraine Johnson,0.941,1736.4,Toxicologist
602,05-313,Wendy White,0.99,348.96,Ecologist
603,66-833,Roberta Anderson,0.884,2207.04,Plant breeder/geneticist
604,42-289,Jay Kerr,0.96,2300.4,"Scientist, research (maths)"
605,57-753,Kevin Johnson,0.927,1702.32,Probation officer
606,07-414,Miranda Alexander,0.845,1345.2,Agricultural consultant
607,73-770,Lynn Morgan,0.809,1809.36,Minerals surveyor
608,83-440,Brenda Johnson,0.883,2072.16,Dance movement psychotherapist
609,15-803,Taylor Benton,0.891,1325.76,Hydrogeologist
610,05-955,Catherine Garcia,0.914,1803.12,Armed forces technical officer
611,83-489,Sarah Cooper,0.859,889.44,Airline pilot
612,66-833,Michelle Sullivan,0.996,102.48,Colour technologist
613,22-595,Brianna Diaz,0.966,919.92,Agricultural consultant
614,15-803,Raymond Johnson,0.894,1244.88,"Optician, dispensing"
615,15-108,Dwayne Wilson,0.807,412.32,Medical illustrator
616,55-857,Alexandra Flowers,0.834,2015.28,Learning disability nurse
617,24-581,Joseph Ayala,0.84,1101.36,Quality manager
618,26-871,Thomas Pratt,0.987,1203.12,Multimedia specialist
619,21-688,Thomas Haas,0.898,1748.64,Research scientist (life sciences)
620,47-469,Jennifer Cross,0.996,2220.96,Psychiatric nurse
621,44-831,Tammie Sweeney,0.801,891.6,Television production assistant
622,93-791,Michelle Moore,0.844,67.44,Software engineer
623,75-843,Andrew Smith,0.816,2264.4,Animator
624,67-590,Sandra Robinson,0.983,1948.56,Lexicographer
625,93-791,Jane Carlson,0.804,774.48,Media buyer
626,16-656,Lisa Mckinney,0.877,123.12,Primary school teacher
627,06-837,Stephanie Potts,0.835,903.84,Community pharmacist
628,47-016,Jared Clayton,0.808,988.08,"Therapist, drama"
629,75-170,Joel Serrano,0.956,932.64,Barrister
630,70-235,Lori Rogers,0.84,2231.04,Retail merchandiser
631,24-034,Jessica Shah,0.816,1524.24,Public affairs consultant
632,31-914,Monica Rivera,0.995,192.0,Operations geologist
633,95-426,Courtney Moore,0.81,1677.84,"Administrator, arts"
634,69-199,Nicole Li,0.966,417.84,Corporate investment banker
635,77-737,Laura Johnson,0.95,2193.36,"Librarian, academic"
636,43-604,Christina Taylor,0.894,235.68,"Development worker, international aid"
637,99-440,Alexis Cross,0.838,484.08,"Scientist, product/process development"
638,78-149,Christine Smith,0.861,1005.12,Telecommunications researcher
639,45-243,Tracy Lee,0.809,70.08,Tax adviser
640,54-940,Katie Miller,0.815,2048.4,Company secretary
641,03-454,James Hale,0.861,2317.68,Risk manager
642,42-386,Tracey Le,0.819,1256.88,Art therapist
643,74-635,Kari Swanson,0.912,1844.16,Tour manager
644,94-805,Amanda Gonzales,0.935,1565.28,Social researcher
645,21-642,Peter Mccarthy,0.935,1524.72,Toxicologist
646,04-033,Sharon Davis,0.892,765.84,Optometrist
647,95-426,Karen Cuevas,0.98,1086.0,Airline pilot
648,38-955,Barbara Anderson,0.951,1167.6,Electronics engineer
649,15-108,Christy Goodwin,0.862,1425.12,"Engineer, electronics"
650,07-542,Ashley Guzman,0.873,677.04,"Psychologist, occupational"
651,91-588,Shelly Robles,0.913,641.04,Warehouse manager
652,54-084,Briana Howard,0.922,630.0,Physiological scientist
653,05-980,Barbara Terry,0.968,912.48,Fine artist
654,76-192,Christine Hudson,0.936,238.8,Systems developer
655,03-846,Eric May,0.892,1257.6,Public house manager
656,70-990,Dawn Cohen,0.817,2229.12,Merchant navy officer
657,51-604,Brittany Howard,0.949,1110.48,Dentist
658,50-436,Susan Reed,0.842,1679.28,"Engineer, automotive"
659,85-550,Dana Baker,0.907,471.6,Market researcher
660,57-731,Amanda Martinez,0.954,1448.4,Network engineer
661,58-240,Karen Stevenson,0.91,1024.32,"Engineer, electrical"
662,20-388,Michele English,0.91,867.36,Senior tax professional/tax inspector
663,74-520,Nicole Hunt,0.996,330.24,"Radiographer, diagnostic"
664,64-593,Lauren Shannon,0.831,801.36,Clinical embryologist
665,80-821,Nancy Schroeder,0.961,802.32,Production manager
666,28-902,Sonya Figueroa,0.966,1073.28,Chief Strategy Officer
667,94-842,Colleen Woods,0.968,61.44,"Teacher, English as a foreign language"
668,78-777,Stephanie Rogers,0.9,2162.4,Gaffer
669,34-169,Jennifer Miranda,0.915,2059.92,Risk analyst
670,10-334,William Brown,0.876,1258.56,Electronics engineer
671,75-843,Jacob Short,0.81,25.2,Bonds trader
672,80-426,Benjamin Collins,0.949,2025.84,Planning and development surveyor
673,78-571,Theresa Nixon,0.994,1837.2,Civil Service administrator
674,95-718,Anna Hatfield,0.904,1246.08,Newspaper journalist
675,81-749,Nicole Robinson,0.868,218.16,Exhibition designer
676,73-770,Tiffany Mercer,0.836,2253.36,Psychiatric nurse
677,62-636,Ralph Bailey,0.878,944.88,Applications developer
678,29-070,Michael Jones,0.983,2161.44,Cabin crew
679,78-149,Carrie Garcia,0.938,654.0,Farm manager
680,47-598,Miguel Nguyen,0.938,324.72,Comptroller
681,78-682,Alejandro Townsend,0.843,2120.4,Astronomer
682,03-052,Kyle Hernandez,0.875,154.32,"Engineer, structural"
683,58-451,Elizabeth Coleman,0.855,1945.2,Chief Technology Officer
684,92-237,Rachel Smith,0.985,259.44,"Restaurant manager, fast food"
685,64-593,Kelly Hill,0.872,1150.56,Housing manager/officer
686,80-167,Mary Marshall,0.952,1730.16,"Surveyor, quantity"
687,30-352,Marissa Carroll,0.915,2265.6,Graphic designer
688,85-613,Russell Lee,0.885,3.12,Academic librarian
689,81-117,Vicki Horton,0.995,1575.84,Chief Marketing Officer
690,31-950,Whitney Chapman,0.81,1206.96,"Surveyor, mining"
691,51-893,Michelle Powers,0.987,1945.68,Oncologist
692,64-593,Richard Colon,0.908,2070.0,Art gallery manager
693,63-515,Andrea Smith,0.993,2162.16,Clinical biochemist
694,64-841,Amanda Fisher,0.973,2028.0,Mudlogger
695,40-453,Robert Lewis,0.836,401.28,Careers information officer
696,80-426,Kathy Klein,0.872,2286.0,"Administrator, education"
697,85-787,Karen Valencia,0.82,1681.44,"Teacher, English as a foreign language"
698,41-354,Emily Brown,0.843,960.0,Publishing rights manager
699,66-833,Juan Salazar,0.826,1700.88,"Merchandiser, retail"
700,61-027,Mary Harper,0.823,92.4,"Presenter, broadcasting"
701,79-599,Erin Campbell,0.933,1774.56,Data processing manager
702,30-490,Carla Jones,0.877,2152.08,Geochemist
703,11-185,Roger Mcdaniel,0.829,1872.0,Medical illustrator
704,19-490,Christine Vasquez,0.808,992.88,Environmental manager
705,56-440,Amber Lewis,0.837,388.56,Animator
706,85-921,Debra Key,0.815,1948.56,Stage manager
707,34-818,Tiffany Taylor,0.985,41.04,Pathologist
708,15-624,Sarah Rodriguez,0.965,2028.96,Contracting civil engineer
709,91-588,Charles Aguilar,0.912,635.76,Civil Service fast streamer
710,09-876,Jamie Brooks,0.836,447.6,Exercise physiologist
711,74-142,Justin Casey,0.937,564.96,Software engineer
712,30-944,Kevin Johnson,0.973,1469.04,Pharmacologist
713,76-192,Christine Wallace,0.977,385.92,Consulting civil engineer
714,80-804,Chelsea Huffman,0.917,1388.16,"Lecturer, further education"
715,58-240,Cindy Tucker,0.882,174.48,"Surveyor, insurance"
716,71-077,Cody Bowman,0.891,543.6,"Engineer, maintenance"
717,63-515,Arthur Gordon,0.953,1589.04,Advice worker
718,07-542,Donna Griffin,0.977,1566.24,Soil scientist
719,57-753,Bruce Best,0.877,2087.28,Environmental education officer
720,29-666,Sarah Wilson,0.8,1541.76,Product designer
721,42-386,Eric Young,0.931,423.84,Video editor
722,20-169,Allison Flynn,0.914,352.8,Bonds trader
723,67-590,Ricardo Best,0.913,44.16,Landscape architect
724,85-550,Sandra Lee,0.913,2235.84,Medical secretary
725,99-440,Darrell Brooks,0.847,1359.84,Make
726,83-200,Isabel Benson,0.89,2277.12,Data scientist
727,22-318,Gregory Martinez,0.968,682.08,Sub
728,50-091,Jessica Garcia,0.874,1663.92,Prison officer
729,70-869,Sarah Yates,0.947,1908.24,Product/process development scientist
730,53-198,Danielle Kemp,0.963,1680.24,Photographer
731,03-512,Jill Wilson,0.881,1314.24,"Librarian, public"
732,83-489,Diana Mitchell,0.948,1085.52,Research scientist (life sciences)
733,04-248,Katherine Morales,0.909,1717.92,Materials engineer
734,21-642,Gloria Russell,0.891,872.4,"Administrator, Civil Service"
735,80-426,Taylor Hernandez,0.927,673.92,Charity officer
736,04-248,William Hernandez,0.819,2289.6,"Scientist, research (life sciences)"
737,83-489,Pamela Woodard,0.992,1197.84,Government social research officer
738,75-268,Kathleen Franklin,0.845,286.56,Special educational needs teacher
739,59-609,Katherine Ramsey,0.802,1280.88,Orthoptist
740,47-598,Loretta Hill,0.981,869.04,"Radiographer, diagnostic"
741,85-921,Cynthia Moon,0.857,2227.44,Hydrologist
742,95-426,Jennifer Meyer,0.836,477.36,"Presenter, broadcasting"
743,93-574,Linda Mills,0.827,260.88,Mechanical engineer
744,14-734,Robert Wright,0.889,52.56,Airline pilot
745,30-490,Heather Bishop,0.893,1758.72,"Production designer, theatre/television/film"
746,88-780,Margaret Calderon,0.916,966.72,Equities trader
747,90-927,Marcus Hodges,0.944,496.08,Audiological scientist
748,59-130,Shannon Roy,0.94,1834.08,Sports development officer
749,59-370,Jennifer Mcconnell,0.827,1203.12,Optometrist
750,51-936,Craig Klein,0.849,647.28,Medical secretary
751,53-145,Tonya Peterson,0.866,2191.44,Industrial/product designer
752,93-574,Erika Campos,0.832,2014.08,Advertising copywriter
753,24-581,William Mathews,0.878,1218.0,Tax adviser
754,64-593,Karen Parker,0.965,978.24,Race relations officer
755,85-787,Sarah Butler,0.82,93.6,Garment/textile technologist
756,62-560,James Cook,0.982,1558.8,Network engineer
757,61-640,Kristen Parker,0.916,495.84,Pharmacologist
758,63-924,Jessica Perkins,0.926,2209.2,"Accountant, chartered certified"
759,33-902,David Martinez,0.941,2311.44,Academic librarian
760,03-193,Peter Clark,0.854,796.56,"Loss adjuster, chartered"
761,03-193,Holly Parker,0.884,1165.2,Chartered certified accountant
762,07-414,William Middleton,0.94,2016.0,"Engineer, petroleum"
763,39-499,Heidi Richardson,0.843,568.56,Probation officer
764,18-725,Angela Mendez,1.0,520.32,"Therapist, music"
765,95-378,Emily Garcia,0.914,783.12,Health and safety adviser
766,55-857,Margaret Young,0.883,746.4,Printmaker
767,26-871,Laura Mckenzie,0.876,593.52,Heritage manager
768,12-637,Elijah Morse,0.94,1882.56,"Administrator, charities/voluntary organisations"
769,33-004,Shawn Riley,0.892,1511.28,Public house manager
770,98-284,Nancy Kim,0.867,1591.44,Operational investment banker
771,57-493,Patricia Jacobs,0.957,87.84,Passenger transport manager
772,59-370,Sandra Oliver,0.874,493.68,"Geologist, engineering"
773,18-557,Kristin Jennings,0.87,1546.32,Music tutor
774,89-616,Jean Duke,0.883,1600.8,Systems developer
775,63-159,Colleen Mcmahon,0.884,2074.32,Commercial horticulturist
776,91-588,Robert Powers,0.978,2038.56,Surgeon
777,60-598,Carrie Wagner,0.809,15.36,Publishing copy
778,57-088,Joshua Robles,0.947,2082.0,"Teacher, early years/pre"
779,75-174,Tanner Moore,0.989,917.52,Aeronautical engineer
780,93-347,Sarah Farmer,0.857,365.52,Training and development officer
781,42-415,Tara Morris,0.819,195.36,Patent attorney
782,96-922,Sarah Myers,0.825,691.68,Chartered certified accountant
783,93-525,Scott Ramirez,0.837,388.56,Adult nurse
784,76-192,Lisa Phillips,0.926,1586.16,Make
785,30-457,Lindsay Fleming,0.967,1583.28,"Engineer, electrical"
786,05-313,Tanya Gomez,0.895,611.76,Land/geomatics surveyor
787,12-950,Martha Freeman,0.905,769.92,Emergency planning/management officer
788,28-902,Kaitlin Morales,0.956,379.44,Risk analyst
789,61-387,Megan Baker,0.99,1995.6,Geophysicist/field seismologist
790,95-426,Ronald Pitts,0.925,780.96,Facilities manager
791,07-414,Pamela Carr,0.807,2102.4,Technical brewer
792,42-409,Heather Torres,0.981,949.68,Primary school teacher
793,42-774,James Hanson,0.906,1080.24,Actor
794,07-414,Ashley Chavez,0.982,572.64,Farm manager
795,66-695,Jenny Ellis,0.954,368.64,Barrister's clerk
796,00-598,Deborah Taylor,0.83,856.56,"Development worker, international aid"
797,92-476,Melissa Browning,0.817,2330.16,Adult guidance worker
798,79-599,Angela Osborne,0.916,1150.8,Minerals surveyor
799,62-099,Justin Ramos,0.81,2097.6,Hotel manager
800,45-243,Stacey Boyd,0.855,1589.28,"Conservation officer, nature"
801,20-388,Sandra Howell,0.925,269.28,"Surveyor, commercial/residential"
802,18-725,Carolyn Levy,0.916,1227.12,Broadcast engineer
803,22-136,Cynthia Martinez,0.928,1818.72,Herbalist
804,44-274,Bethany Acosta,0.894,2316.24,Town planner
805,28-902,Luis Farrell,0.966,2280.24,Land
806,47-016,Lisa Lee,0.898,882.48,Music therapist
807,61-640,Erik Poole,0.952,811.68,"Loss adjuster, chartered"
808,90-528,Jasmine Moreno,0.857,585.36,"Editor, magazine features"
809,28-902,Dylan Moses,0.831,1049.28,Energy engineer
810,33-004,Donna Willis,0.931,510.48,Orthoptist
811,16-656,Cassandra Leon,0.94,1064.88,Commercial art gallery manager
812,49-675,Glenda Pierce,0.963,2122.08,Furniture designer
813,80-167,Kelly Reyes,0.961,747.6,"Surveyor, planning and development"
814,03-846,Kristina Meadows,0.933,604.32,"Journalist, newspaper"
815,51-936,Richard Armstrong,0.904,741.12,Product manager
816,45-726,Susan Bradshaw,0.962,413.04,Dispensing optician
817,62-560,Michael Sanders,0.836,578.64,Sales promotion account executive
818,94-588,Wendy Hess,0.907,1665.84,Psychiatrist
819,06-920,Amy Alvarado,0.927,1931.76,Press sub
820,15-111,Carla Figueroa,0.802,593.28,Management consultant
821,22-595,Martha Johnson,0.864,2164.8,Early years teacher
822,30-944,Philip Roberts,0.933,1679.76,"Administrator, charities/voluntary organisations"
823,81-749,Julie Mcdaniel,0.995,2370.48,Herbalist
824,50-038,Christine Huff,0.846,2388.0,"Teacher, adult education"
825,69-199,Sheryl Stewart,0.903,1711.2,Copy
826,12-546,Melissa Boone,0.831,1373.76,Financial adviser
827,06-920,Toni White,0.83,1742.64,Press sub
828,16-656,Peter Owens,0.869,1308.72,"Geologist, engineering"
829,08-592,Jeanne Briggs,0.948,2007.12,Barrister
830,42-415,Jennifer Leonard,0.818,431.04,Television production assistant
831,15-106,Shelia Matthews,0.851,1574.64,"Conservation officer, nature"
832,38-215,Kelly Brown,0.961,831.12,Dispensing optician
833,33-004,George Wallace,0.925,2355.36,Insurance broker
834,44-274,Melinda James,0.978,1348.08,Further education lecturer
835,09-041,Jessica Booth,0.924,2136.96,Local government officer
836,95-426,Julie Conrad,0.965,1507.2,Broadcast engineer
837,09-876,Kayla Gray,0.974,1278.48,"Surveyor, insurance"
838,93-347,Jennifer Roach,0.96,1256.88,Pathologist
839,09-876,Susan Greene,0.886,384.24,Occupational therapist
840,79-050,Robin Lopez,0.85,76.32,Further education lecturer
841,69-331,Peter Williams,0.926,1421.28,Trade mark attorney
842,24-034,Phillip Burnett,0.888,1942.8,Sales executive
843,41-194,Michele Berry,0.923,1085.52,"Engineer, broadcasting (operations)"
844,47-016,Holly Strong,0.94,936.48,Software engineer
845,08-711,Karen Wood,0.951,530.16,Data scientist
846,44-274,Jacob Miller,0.911,743.04,"Designer, furniture"
847,03-512,Emma Wagner,0.956,80.4,Chiropodist
848,02-760,James Delacruz,0.812,1448.4,Adult guidance worker
849,64-841,Douglas Guzman,0.826,521.52,Field seismologist
850,71-497,Lauren Flowers,0.897,231.36,Surgeon
851,95-426,Samantha Adams,0.935,2125.68,Product/process development scientist
852,96-068,Amber Larson,0.974,2330.16,"Scientist, research (physical sciences)"
853,08-592,Richard Park,0.96,1087.68,Legal executive
854,38-215,Stacey Gonzalez,0.972,1526.88,Radio broadcast assistant
855,21-642,Peter Moran,0.879,1164.48,Operational investment banker
856,51-604,Alexandria Carlson,0.802,1661.52,"Geneticist, molecular"
857,39-499,Susan Duarte,0.875,1254.96,Patent examiner
858,73-429,Meagan Villarreal,0.826,510.0,"Teacher, early years/pre"
859,26-871,Jessica Cook,0.951,423.12,Senior tax professional/tax inspector
860,14-734,Kristine Reed,0.956,370.08,"Librarian, academic"
861,06-191,John Hamilton,0.948,2198.64,Occupational therapist
862,15-876,Kelly Johnson,0.879,1864.8,Lexicographer
863,03-193,Kimberly Moran,0.881,756.72,"Designer, blown glass/stained glass"
864,10-628,Alyssa Mora,0.887,1457.28,"Surveyor, mining"
865,69-609,Andrew Wilson,0.97,1801.92,Translator
866,91-588,Donald Brown,0.812,220.08,Sport and exercise psychologist
867,75-365,Bethany Johnson,0.903,2346.96,Call centre manager
868,79-669,Amber Bauer,0.877,376.32,Writer
869,53-145,Danielle Adams,0.911,1626.96,"Engineer, building services"
870,69-199,Julie Perez,0.818,1951.2,Intelligence analyst
871,44-274,Karen Moore,0.982,2101.92,"Nurse, mental health"
872,83-303,Sherry Graham,0.901,299.28,Facilities manager
873,61-180,Kathleen Carr,0.808,1608.48,Warehouse manager
874,86-493,Kim Rosales,0.96,496.32,Museum/gallery exhibitions officer
875,12-112,Timothy Brown,0.986,576.96,Mental health nurse
876,84-223,Marilyn Bennett,0.94,1532.4,Corporate investment banker
877,09-876,Jasmine Sandoval,0.823,1747.2,Manufacturing engineer
878,85-550,Jennifer Lam,0.918,1774.32,Midwife
879,90-528,Elizabeth Rodriguez,0.961,2304.72,"Administrator, local government"
880,75-170,Veronica Woods,0.828,10.56,Clinical psychologist
881,12-546,Monique Ruiz,0.859,264.96,Regulatory affairs officer
882,19-845,Dana Scott,0.957,502.08,Air traffic controller
883,58-896,Brittney Ware,0.937,819.36,Statistician
884,67-357,Rachel Olson,0.883,1036.08,Acupuncturist
885,64-172,Marilyn Houston,0.995,1916.88,Fashion designer
886,07-414,Connie Webb,0.965,660.0,Data scientist
887,23-694,Laurie Winters,0.952,870.96,Electronics engineer
888,66-695,Carol Smith,0.846,2002.8,Toxicologist
889,24-034,Kristin Wang,0.852,0.24,Financial risk analyst
890,47-389,Ashley Harrison,0.913,587.76,"Chemist, analytical"
891,66-833,Jean Wallace,0.887,1324.08,Conference centre manager
892,62-099,Jane Brown,0.947,2178.24,"Scientist, clinical (histocompatibility and immunogenetics)"
893,29-942,Laurie Hayes,0.833,829.68,Air broker
894,84-223,Amanda Cummings,0.901,917.52,Manufacturing systems engineer
895,20-388,Angela Freeman,0.898,1378.32,Emergency planning/management officer
896,61-387,Stephanie Matthews,0.983,917.28,Television production assistant
897,98-730,Caitlin Johnson,0.912,1472.16,Environmental manager
898,31-096,Amanda Carter,0.81,203.04,Medical physicist
899,32-445,Kristin Edwards,0.983,708.0,"Journalist, newspaper"
900,42-409,Sylvia Russo,0.847,1282.56,Medical physicist
901,53-309,Cynthia Smith,0.825,350.88,Neurosurgeon
902,39-166,Lori Perez,0.977,1014.24,Pensions consultant
903,37-889,Kimberly Singh,0.964,524.88,Speech and language therapist
904,62-099,Susan Ramirez,0.968,2125.2,"Administrator, education"
905,58-240,Matthew Mendez,0.839,1069.92,Commercial horticulturist
906,61-180,Suzanne Richardson,0.842,1974.48,"Editor, commissioning"
907,42-415,Dwayne Jones,0.978,1865.52,Counsellor
908,24-581,Steven Johnson,0.882,1961.28,"Sound technician, broadcasting/film/video"
909,48-121,Edward Harper,0.847,1801.44,Naval architect
910,57-493,Julie Allen,0.989,1631.52,Software engineer
911,05-955,Geoffrey Pierce,0.886,1200.48,Dispensing optician
912,90-927,Pamela Gardner,0.802,712.32,Charity fundraiser
913,47-469,Victoria Morgan,0.946,2158.8,Dancer
914,59-370,Angela Gonzalez,0.81,2257.92,"Accountant, chartered certified"
915,53-145,Jeffrey Henderson,0.974,268.8,Air broker
916,62-560,Sarah Mitchell,0.863,743.28,"Pilot, airline"
917,06-837,Tammy Abbott,0.947,2178.72,Acupuncturist
918,83-440,Paula Diaz,0.881,804.24,Paramedic
919,20-169,Todd Hill,0.817,932.88,Applications developer
920,57-493,Katherine White,0.999,58.8,Licensed conveyancer
921,75-174,Robin Campbell,0.978,1614.72,Architectural technologist
922,59-400,Brittany Mills,0.892,2091.36,Television/film/video producer
923,45-243,Sheryl Howard,0.971,1240.56,Secondary school teacher
924,75-174,Monique Gonzales,0.835,505.92,Environmental health practitioner
925,81-117,Jeffrey Richardson,0.821,993.84,Naval architect
926,91-588,Susan Shah,0.994,2172.24,"Scientist, water quality"
927,15-624,Nicholas Ibarra,0.942,412.08,Race relations officer
928,62-099,Alyssa Dixon,0.801,1657.92,Manufacturing engineer
929,53-309,Gabriella Mccarty,0.904,1087.68,Financial controller
930,43-123,Paula Holmes,0.81,641.52,Geochemist
931,83-440,Crystal Brown,0.936,1899.6,Cytogeneticist
932,74-635,Nicholas Lopez,0.884,2226.72,"Buyer, industrial"
933,31-914,Lisa Baldwin,0.96,1973.04,Immigration officer
934,15-624,Margaret Sherman,0.988,1217.52,"Engineer, drilling"
935,86-493,Nathaniel Caldwell,0.824,424.8,Tree surgeon
936,47-389,Terrence Simpson,0.802,1543.68,Building surveyor
937,39-499,Jeffrey Butler,0.913,1755.36,Museum/gallery conservator
938,61-405,Darryl Gibson,0.914,1287.12,Actuary
939,96-227,Amy Smith,0.894,764.16,"Engineer, building services"
940,75-174,Thomas Shaffer,0.96,88.32,"Engineer, agricultural"
941,22-136,Timothy Sanchez,0.957,1477.44,"Programme researcher, broadcasting/film/video"
942,69-609,Taylor Kelly,0.886,2016.24,Interior and spatial designer
943,96-227,Melissa Camacho,0.909,577.2,Politician's assistant
944,05-313,Anne Perez,0.9,1227.6,"Solicitor, Scotland"
945,40-453,Timothy Green,0.97,74.88,"Programmer, applications"
946,04-248,Stephen Mathews,0.958,25.92,Exhibition designer
947,34-169,Deanna Sullivan,0.804,323.76,Ophthalmologist
948,53-309,Melanie Prince,0.859,1460.4,Geophysicist/field seismologist
949,15-106,Brandon Garcia,0.854,1776.0,Dentist
950,11-185,Beth Jordan,0.98,1725.12,Art gallery manager
951,80-167,Dana Smith,0.947,1300.8,"Development worker, community"
952,39-585,Tiffany Boyd,0.877,1833.12,"Designer, textile"
953,40-727,Sue Taylor,0.969,873.6,"Scientist, marine"
954,08-592,Jacob Watson,0.999,1174.56,Architectural technologist
955,44-876,Lisa Smith,0.98,1204.56,Social worker
956,30-352,Stephanie Hayes,0.923,1136.16,Operational researcher
957,80-426,Todd Howard,0.884,1637.52,Advertising art director
958,14-734,Cheryl Calhoun,0.927,2318.88,"Psychologist, forensic"
959,16-656,Lisa Marks,0.879,4.8,Research scientist (medical)
960,59-467,Michelle Carter,0.919,2127.6,Radio broadcast assistant
961,57-731,Laura Johnston,0.842,2242.8,"Chemist, analytical"
962,57-857,Melissa Martinez,0.857,2183.04,"Teacher, primary school"
963,08-592,Nicole Roth,0.874,295.92,Radio producer
964,82-819,Rebecca Becker,0.839,760.08,Television production assistant
965,94-842,David Morgan,0.93,427.92,Barista
966,84-070,Tonya Mitchell,0.809,1019.52,Catering manager
967,31-096,Kimberly Payne,0.998,534.0,Technical brewer
968,70-869,Kristin Lynch,0.82,692.88,Civil Service administrator
969,57-493,Matthew Mcpherson,0.806,16.32,Regulatory affairs officer
970,79-599,Linda Thomas,0.817,1707.84,"Horticulturist, commercial"
971,96-068,Brandi Mullins,0.834,1696.56,"Engineer, mining"
972,74-520,Melanie Harris,0.919,608.88,Public librarian
973,50-038,Brian Brewer,0.916,412.56,Financial planner
974,09-876,Kelsey Buckley,0.941,2270.64,"Administrator, sports"
975,31-861,Kimberly Kerr,0.884,2053.2,Volunteer coordinator
976,50-436,Lisa Booth,0.939,828.96,"Nurse, learning disability"
977,56-440,Sandra Brown,0.834,844.08,Hydrogeologist
978,58-451,Melissa Hicks,0.967,150.96,Risk analyst
979,62-983,Shannon Reid,0.845,166.56,Immunologist
980,11-893,Hannah Cervantes,0.985,1533.36,Psychiatric nurse
981,81-117,Sherry Decker,0.832,583.68,"Programmer, multimedia"
982,14-734,April Bryan,0.802,444.48,Commercial art gallery manager
983,69-199,Aaron Cooper,0.95,876.72,Biomedical engineer
984,84-495,Jacob Thompson,0.987,2151.84,Risk analyst
985,61-180,Teresa Bishop,0.863,288.48,"Scientist, research (maths)"
986,59-467,Joseph Rhodes,0.932,2134.08,Farm manager
987,90-927,Cindy Andrews,0.899,264.0,"Engineer, land"
988,03-052,Jeremy Wang,0.894,870.72,Commercial horticulturist
989,47-469,Sandra Winters,0.978,1428.0,"Programmer, systems"
990,21-884,Catherine Barnes,0.904,2294.16,Clinical psychologist
991,67-357,Katelyn Haynes,0.801,729.84,Freight forwarder
992,15-876,Erica Clark,0.808,1108.56,"Research officer, political party"
993,84-223,Elizabeth Morris,0.997,960.72,Radiation protection practitioner
994,84-070,Kimberly Turner,0.85,927.12,Special effects artist
995,80-426,Joseph Knight,0.904,166.56,Chiropractor
996,47-598,Susan Chandler,0.838,2266.32,Archivist
997,91-933,Shannon Evans,0.832,1567.92,Web designer
998,20-169,Tamara Delgado,0.906,415.92,"Therapist, nutritional"
999,57-731,Amber Pierce,0.825,1739.52,Further education lecturer
